SKU,NAME,SLUG,STATUS,PRODUCT_TYPE,CATEGORY,BRAND,BASE_PRICE_CENTS,COMPARE_AT_PRICE_CENTS,COST_PRICE_CENTS,TRACK_INVENTORY,ALLOW_BACKORDERS,IS_FEATURED,PUBLISHED_AT,SHORT_DESCRIPTION,DESCRIPTION,TAGS,COLLECTIONS,QUANTITY_ON_HAND,REORDER_LEVEL,MAIN_IMAGE_URL,IMAGE_URLS,IMAGE_ALT_TEXT,IMAGE_SOURCE_URL,IMAGE_CREDIT,IMAGE_IS_EXACT_PRODUCT
ADMA-DRS-001,Adjoa Wrap Midi Dress,adjoa-wrap-midi-dress,active,physical,dresses,adma-studio,48900,55900,23800,1,0,1,2026-07-19T08:00:00Z,A flattering wrap midi dress with a softly defined waist.,"Cut in a fluid woven fabric, the Adjoa Wrap Midi Dress features a V-neckline, adjustable waist tie and easy midi length. Designed for workdays, dinners and weekend occasions.",Women|Dress|Midi|Occasion|New-Season,Womens-Edit|Occasion-Wear|New-Arrivals,28,6,https://images.pexels.com/photos/3998646/pexels-photo-3998646.jpeg?auto=compress&cs=tinysrgb&w=1200,https://images.pexels.com/photos/3998646/pexels-photo-3998646.jpeg?auto=compress&cs=tinysrgb&w=1200|https://images.pexels.com/photos/3998648/pexels-photo-3998648.jpeg?auto=compress&cs=tinysrgb&w=1200,Adjoa Wrap Midi Dress – demo catalog image,https://www.pexels.com/photo/flat-lay-of-clothes-3998646/,Pexels / Hana Brannigan,0
ADMA-DRS-002,Naa Pleated Occasion Dress,naa-pleated-occasion-dress,active,physical,dresses,adma-studio,57900,64900,28400,1,0,1,2026-07-19T08:00:00Z,An elegant pleated dress made for celebrations and formal events.,"The Naa Pleated Occasion Dress combines a fitted bodice, softly pleated skirt and concealed back zip. Its polished silhouette works beautifully for weddings, dinners and special gatherings.",Women|Dress|Pleated|Formal|Occasion,Womens-Edit|Occasion-Wear|Featured,18,5,https://images.pexels.com/photos/3998646/pexels-photo-3998646.jpeg?auto=compress&cs=tinysrgb&w=1200,https://images.pexels.com/photos/3998646/pexels-photo-3998646.jpeg?auto=compress&cs=tinysrgb&w=1200|https://images.pexels.com/photos/3998648/pexels-photo-3998648.jpeg?auto=compress&cs=tinysrgb&w=1200,Naa Pleated Occasion Dress – demo catalog image,https://www.pexels.com/photo/flat-lay-of-clothes-3998646/,Pexels / Hana Brannigan,0
ADMA-DRS-003,Ama Linen Shift Dress,ama-linen-shift-dress,active,physical,dresses,adma-studio,41900,47900,20500,1,0,0,2026-07-19T08:00:00Z,"A breathable linen-blend shift dress for warm, easy days.","Made from a lightweight linen blend, the Ama Shift Dress has a relaxed straight fit, side pockets and a clean round neckline. It is an effortless choice for warm-weather dressing.",Women|Dress|Linen|Casual|Breathable,Womens-Edit|Linen-Edit|Weekend-Style,32,7,https://images.pexels.com/photos/3998646/pexels-photo-3998646.jpeg?auto=compress&cs=tinysrgb&w=1200,https://images.pexels.com/photos/3998646/pexels-photo-3998646.jpeg?auto=compress&cs=tinysrgb&w=1200|https://images.pexels.com/photos/3998648/pexels-photo-3998648.jpeg?auto=compress&cs=tinysrgb&w=1200,Ama Linen Shift Dress – demo catalog image,https://www.pexels.com/photo/flat-lay-of-clothes-3998646/,Pexels / Hana Brannigan,0
ADMA-DRS-004,Sena Ruched Column Dress,sena-ruched-column-dress,active,physical,dresses,adma-studio,45900,52900,22100,1,0,0,2026-07-19T08:00:00Z,A sleek ruched column dress with a comfortable stretch fit.,The Sena Column Dress is shaped with flattering side ruching and a softly squared neckline. Stretch jersey keeps the silhouette comfortable from evening events to date nights.,Women|Dress|Ruched|Evening|Stretch,Womens-Edit|Occasion-Wear|Date-Night,22,5,https://images.pexels.com/photos/3998646/pexels-photo-3998646.jpeg?auto=compress&cs=tinysrgb&w=1200,https://images.pexels.com/photos/3998646/pexels-photo-3998646.jpeg?auto=compress&cs=tinysrgb&w=1200|https://images.pexels.com/photos/3998648/pexels-photo-3998648.jpeg?auto=compress&cs=tinysrgb&w=1200,Sena Ruched Column Dress – demo catalog image,https://www.pexels.com/photo/flat-lay-of-clothes-3998646/,Pexels / Hana Brannigan,0
ADMA-DRS-005,Abena Printed Maxi Dress,abena-printed-maxi-dress,active,physical,dresses,adma-studio,52900,59900,25400,1,0,1,2026-07-19T08:00:00Z,A flowing printed maxi dress with a graceful full-length shape.,"Designed in a statement print, the Abena Maxi Dress features a gathered waist, airy sleeves and a fluid skirt. It moves easily from daytime occasions to evening celebrations.",Women|Dress|Maxi|Print|Occasion,Womens-Edit|Occasion-Wear|Featured,25,6,https://images.pexels.com/photos/3998646/pexels-photo-3998646.jpeg?auto=compress&cs=tinysrgb&w=1200,https://images.pexels.com/photos/3998646/pexels-photo-3998646.jpeg?auto=compress&cs=tinysrgb&w=1200|https://images.pexels.com/photos/3998648/pexels-photo-3998648.jpeg?auto=compress&cs=tinysrgb&w=1200,Abena Printed Maxi Dress – demo catalog image,https://www.pexels.com/photo/flat-lay-of-clothes-3998646/,Pexels / Hana Brannigan,0
ADMA-DRS-006,Efua Belted Shirt Dress,efua-belted-shirt-dress,active,physical,dresses,adma-studio,43900,49900,21200,1,0,0,2026-07-19T08:00:00Z,A polished shirt dress with a removable self-fabric belt.,"The Efua Shirt Dress pairs a button-through front with a neat collar, rolled sleeves and a removable belt. Wear it with flats for work or sandals for the weekend.",Women|Dress|Shirt-Dress|Workwear|Smart-Casual,Womens-Edit|Office-Ready|Everyday-Essentials,30,7,https://images.pexels.com/photos/3998646/pexels-photo-3998646.jpeg?auto=compress&cs=tinysrgb&w=1200,https://images.pexels.com/photos/3998646/pexels-photo-3998646.jpeg?auto=compress&cs=tinysrgb&w=1200|https://images.pexels.com/photos/3998648/pexels-photo-3998648.jpeg?auto=compress&cs=tinysrgb&w=1200,Efua Belted Shirt Dress – demo catalog image,https://www.pexels.com/photo/flat-lay-of-clothes-3998646/,Pexels / Hana Brannigan,0
ADMA-TOP-001,Akosua Ribbed Square-Neck Top,akosua-ribbed-square-neck-top,active,physical,tops,adma-studio,23900,27900,11200,1,0,0,2026-07-19T08:00:00Z,A fitted ribbed top with a clean square neckline.,"The Akosua Top is made from soft stretch rib knit with a flattering square neckline and close fit. It layers easily with skirts, denim and tailored trousers.",Women|Top|Ribbed|Stretch|Everyday,Womens-Edit|Everyday-Essentials|Weekend-Style,46,10,https://images.pexels.com/photos/3998646/pexels-photo-3998646.jpeg?auto=compress&cs=tinysrgb&w=1200,https://images.pexels.com/photos/3998646/pexels-photo-3998646.jpeg?auto=compress&cs=tinysrgb&w=1200|https://images.pexels.com/photos/3998648/pexels-photo-3998648.jpeg?auto=compress&cs=tinysrgb&w=1200,Akosua Ribbed Square-Neck Top – demo catalog image,https://www.pexels.com/photo/flat-lay-of-clothes-3998646/,Pexels / Hana Brannigan,0
ADMA-TOP-002,Esi Satin Cowl Camisole,esi-satin-cowl-camisole,active,physical,tops,adma-studio,26900,31900,12800,1,0,0,2026-07-19T08:00:00Z,A softly draped satin camisole for elevated day-to-night styling.,"Finished with a fluid cowl neckline and slim adjustable straps, the Esi Camisole adds polish to tailoring and evening looks. The satin-touch fabric falls smoothly without feeling heavy.",Women|Top|Satin|Evening|Occasion,Womens-Edit|Date-Night|Occasion-Wear,34,8,https://images.pexels.com/photos/3998646/pexels-photo-3998646.jpeg?auto=compress&cs=tinysrgb&w=1200,https://images.pexels.com/photos/3998646/pexels-photo-3998646.jpeg?auto=compress&cs=tinysrgb&w=1200|https://images.pexels.com/photos/3998648/pexels-photo-3998648.jpeg?auto=compress&cs=tinysrgb&w=1200,Esi Satin Cowl Camisole – demo catalog image,https://www.pexels.com/photo/flat-lay-of-clothes-3998646/,Pexels / Hana Brannigan,0
ADMA-TOP-003,Yaa Puff-Sleeve Blouse,yaa-puff-sleeve-blouse,active,physical,tops,adma-studio,31900,36900,15100,1,0,1,2026-07-19T08:00:00Z,A feminine blouse with softly structured puff sleeves.,The Yaa Blouse balances a clean fitted body with gathered puff sleeves and a keyhole back fastening. It is an easy statement piece for office and occasion dressing.,Women|Top|Blouse|Puff-Sleeve|Workwear,Womens-Edit|Office-Ready|Featured,29,7,https://images.pexels.com/photos/3998646/pexels-photo-3998646.jpeg?auto=compress&cs=tinysrgb&w=1200,https://images.pexels.com/photos/3998646/pexels-photo-3998646.jpeg?auto=compress&cs=tinysrgb&w=1200|https://images.pexels.com/photos/3998648/pexels-photo-3998648.jpeg?auto=compress&cs=tinysrgb&w=1200,Yaa Puff-Sleeve Blouse – demo catalog image,https://www.pexels.com/photo/flat-lay-of-clothes-3998646/,Pexels / Hana Brannigan,0
LB-TOP-001,Mansa Essential Cotton Tee,mansa-essential-cotton-tee,active,physical,tops,lasid-basics,14900,17900,6800,1,0,0,2026-07-19T08:00:00Z,A dependable crew-neck cotton tee with an easy regular fit.,"The Mansa Essential Tee is cut from soft breathable cotton with a neat crew neckline and versatile regular fit. Built for repeat wear, layering and simple everyday outfits.",Women|Top|T-Shirt|Cotton|Basic,Womens-Edit|Everyday-Essentials|Basics,80,15,https://images.pexels.com/photos/3998646/pexels-photo-3998646.jpeg?auto=compress&cs=tinysrgb&w=1200,https://images.pexels.com/photos/3998646/pexels-photo-3998646.jpeg?auto=compress&cs=tinysrgb&w=1200|https://images.pexels.com/photos/3998648/pexels-photo-3998648.jpeg?auto=compress&cs=tinysrgb&w=1200,Mansa Essential Cotton Tee – demo catalog image,https://www.pexels.com/photo/flat-lay-of-clothes-3998646/,Pexels / Hana Brannigan,0
ADMA-TOP-004,Dede Cropped Linen Shirt,dede-cropped-linen-shirt,active,physical,tops,adma-studio,28900,33900,13700,1,0,0,2026-07-19T08:00:00Z,A relaxed cropped shirt in a light linen-blend fabric.,"The Dede Cropped Shirt features a boxy shape, dropped shoulders and coconut-look buttons. Pair it with high-waisted trousers or skirts for an easy coordinated look.",Women|Top|Linen|Cropped|Casual,Womens-Edit|Linen-Edit|Weekend-Style,31,7,https://images.pexels.com/photos/3998646/pexels-photo-3998646.jpeg?auto=compress&cs=tinysrgb&w=1200,https://images.pexels.com/photos/3998646/pexels-photo-3998646.jpeg?auto=compress&cs=tinysrgb&w=1200|https://images.pexels.com/photos/3998648/pexels-photo-3998648.jpeg?auto=compress&cs=tinysrgb&w=1200,Dede Cropped Linen Shirt – demo catalog image,https://www.pexels.com/photo/flat-lay-of-clothes-3998646/,Pexels / Hana Brannigan,0
ADMA-TOP-005,Araba Knit Polo Top,araba-knit-polo-top,active,physical,tops,adma-studio,29900,34900,14300,1,0,0,2026-07-19T08:00:00Z,A fine-knit polo top with a refined open collar.,"The Araba Knit Polo Top brings a polished feel to everyday dressing with its soft fine-gauge knit, open collar and gently fitted shape. Ideal with denim or tailored separates.",Women|Top|Knit|Polo|Smart-Casual,Womens-Edit|Office-Ready|Everyday-Essentials,27,6,https://images.pexels.com/photos/3998646/pexels-photo-3998646.jpeg?auto=compress&cs=tinysrgb&w=1200,https://images.pexels.com/photos/3998646/pexels-photo-3998646.jpeg?auto=compress&cs=tinysrgb&w=1200|https://images.pexels.com/photos/3998648/pexels-photo-3998648.jpeg?auto=compress&cs=tinysrgb&w=1200,Araba Knit Polo Top – demo catalog image,https://www.pexels.com/photo/flat-lay-of-clothes-3998646/,Pexels / Hana Brannigan,0
LB-SHT-001,Kojo Classic Oxford Shirt,kojo-classic-oxford-shirt,active,physical,shirts,lasid-basics,28900,33900,13600,1,0,1,2026-07-19T08:00:00Z,A crisp cotton Oxford shirt with a dependable regular fit.,"The Kojo Oxford Shirt is made for work and smart weekends, with a button-down collar, reinforced placket and comfortable cotton construction.",Men|Shirt|Oxford|Cotton|Workwear,Mens-Edit|Office-Ready|Everyday-Essentials,55,12,https://images.unsplash.com/photo-1646573887502-8ca73d1dd05a?auto=format&fit=crop&q=80&w=1200,https://images.unsplash.com/photo-1646573887502-8ca73d1dd05a?auto=format&fit=crop&q=80&w=1200|https://images.pexels.com/photos/3998648/pexels-photo-3998648.jpeg?auto=compress&cs=tinysrgb&w=1200,Kojo Classic Oxford Shirt – demo catalog image,https://unsplash.com/photos/a-man-wearing-a-paris-shirt-and-khaki-pants-MrH9XNLmeIQ,Unsplash / SASI,0
ADMA-SHT-001,Kwame Linen Camp-Collar Shirt,kwame-linen-camp-collar-shirt,active,physical,shirts,adma-studio,32900,37900,15800,1,0,1,2026-07-19T08:00:00Z,A relaxed camp-collar shirt in a breathable linen blend.,"Designed for warm days, the Kwame Shirt features a relaxed fit, open camp collar and lightweight linen-blend weave. It pairs naturally with shorts or drawstring trousers.",Men|Shirt|Linen|Camp-Collar|Casual,Mens-Edit|Linen-Edit|Weekend-Style,36,8,https://images.unsplash.com/photo-1646573887502-8ca73d1dd05a?auto=format&fit=crop&q=80&w=1200,https://images.unsplash.com/photo-1646573887502-8ca73d1dd05a?auto=format&fit=crop&q=80&w=1200|https://images.pexels.com/photos/3998648/pexels-photo-3998648.jpeg?auto=compress&cs=tinysrgb&w=1200,Kwame Linen Camp-Collar Shirt – demo catalog image,https://unsplash.com/photos/a-man-wearing-a-paris-shirt-and-khaki-pants-MrH9XNLmeIQ,Unsplash / SASI,0
ADMA-SHT-002,Kofi Checked Overshirt,kofi-checked-overshirt,active,physical,shirts,adma-studio,37900,42900,18100,1,0,0,2026-07-19T08:00:00Z,A midweight checked overshirt for easy layered looks.,The Kofi Overshirt is cut in a structured brushed fabric with twin chest pockets and a relaxed silhouette. Wear it open over a tee or buttoned as a light outer layer.,Men|Shirt|Overshirt|Checked|Layering,Mens-Edit|Weekend-Style|New-Arrivals,24,6,https://images.unsplash.com/photo-1646573887502-8ca73d1dd05a?auto=format&fit=crop&q=80&w=1200,https://images.unsplash.com/photo-1646573887502-8ca73d1dd05a?auto=format&fit=crop&q=80&w=1200|https://images.pexels.com/photos/3998648/pexels-photo-3998648.jpeg?auto=compress&cs=tinysrgb&w=1200,Kofi Checked Overshirt – demo catalog image,https://unsplash.com/photos/a-man-wearing-a-paris-shirt-and-khaki-pants-MrH9XNLmeIQ,Unsplash / SASI,0
ADMA-SHT-003,Nana Tailored Poplin Shirt,nana-tailored-poplin-shirt,active,physical,shirts,adma-studio,34900,39900,16500,1,0,0,2026-07-19T08:00:00Z,A sharp poplin shirt with a clean tailored silhouette.,"The Nana Poplin Shirt has a smooth cotton-rich finish, structured collar and neat tailored fit. A versatile choice for office days, formal meetings and evening plans.",Men|Shirt|Poplin|Formal|Workwear,Mens-Edit|Office-Ready|Occasion-Wear,33,8,https://images.unsplash.com/photo-1646573887502-8ca73d1dd05a?auto=format&fit=crop&q=80&w=1200,https://images.unsplash.com/photo-1646573887502-8ca73d1dd05a?auto=format&fit=crop&q=80&w=1200|https://images.pexels.com/photos/3998648/pexels-photo-3998648.jpeg?auto=compress&cs=tinysrgb&w=1200,Nana Tailored Poplin Shirt – demo catalog image,https://unsplash.com/photos/a-man-wearing-a-paris-shirt-and-khaki-pants-MrH9XNLmeIQ,Unsplash / SASI,0
LB-SHT-002,Mensah Short-Sleeve Resort Shirt,mensah-short-sleeve-resort-shirt,active,physical,shirts,lasid-basics,24900,28900,11700,1,0,0,2026-07-19T08:00:00Z,An easy short-sleeve shirt for relaxed everyday dressing.,The Mensah Resort Shirt is made from a light breathable weave with a relaxed collar and straight hem. It is comfortable enough for daytime errands and casual weekends.,Men|Shirt|Short-Sleeve|Casual|Breathable,Mens-Edit|Weekend-Style|Everyday-Essentials,48,10,https://images.unsplash.com/photo-1646573887502-8ca73d1dd05a?auto=format&fit=crop&q=80&w=1200,https://images.unsplash.com/photo-1646573887502-8ca73d1dd05a?auto=format&fit=crop&q=80&w=1200|https://images.pexels.com/photos/3998648/pexels-photo-3998648.jpeg?auto=compress&cs=tinysrgb&w=1200,Mensah Short-Sleeve Resort Shirt – demo catalog image,https://unsplash.com/photos/a-man-wearing-a-paris-shirt-and-khaki-pants-MrH9XNLmeIQ,Unsplash / SASI,0
LB-SHT-003,Yaw Everyday Chambray Shirt,yaw-everyday-chambray-shirt,active,physical,shirts,lasid-basics,27900,31900,13200,1,0,0,2026-07-19T08:00:00Z,A soft chambray shirt that works across smart and casual outfits.,"The Yaw Chambray Shirt combines the look of denim with a lighter, softer feel. Finished with a classic collar and chest pocket for dependable everyday wear.",Men|Shirt|Chambray|Cotton|Everyday,Mens-Edit|Everyday-Essentials|Basics,42,9,https://images.unsplash.com/photo-1646573887502-8ca73d1dd05a?auto=format&fit=crop&q=80&w=1200,https://images.unsplash.com/photo-1646573887502-8ca73d1dd05a?auto=format&fit=crop&q=80&w=1200|https://images.pexels.com/photos/3998648/pexels-photo-3998648.jpeg?auto=compress&cs=tinysrgb&w=1200,Yaw Everyday Chambray Shirt – demo catalog image,https://unsplash.com/photos/a-man-wearing-a-paris-shirt-and-khaki-pants-MrH9XNLmeIQ,Unsplash / SASI,0
LB-TRS-001,Kweku Slim Chino Trousers,kweku-slim-chino-trousers,active,physical,trousers,lasid-basics,31900,36900,15100,1,0,1,2026-07-19T08:00:00Z,Versatile slim chinos with comfortable everyday stretch.,"The Kweku Chinos feature a clean slim leg, practical side pockets and a touch of stretch for comfort. Easy to dress up with a shirt or down with a tee.",Men|Trousers|Chino|Stretch|Smart-Casual,Mens-Edit|Office-Ready|Everyday-Essentials,50,10,https://images.unsplash.com/photo-1646573887502-8ca73d1dd05a?auto=format&fit=crop&q=80&w=1200,https://images.unsplash.com/photo-1646573887502-8ca73d1dd05a?auto=format&fit=crop&q=80&w=1200|https://images.pexels.com/photos/3998648/pexels-photo-3998648.jpeg?auto=compress&cs=tinysrgb&w=1200,Kweku Slim Chino Trousers – demo catalog image,https://unsplash.com/photos/a-man-wearing-a-paris-shirt-and-khaki-pants-MrH9XNLmeIQ,Unsplash / SASI,0
ADMA-TRS-001,Kojo Pleated Tailored Trousers,kojo-pleated-tailored-trousers,active,physical,trousers,adma-studio,39900,45900,19200,1,0,1,2026-07-19T08:00:00Z,Pleated tailored trousers with a refined tapered leg.,"The Kojo Tailored Trousers are cut with a front pleat, adjustable side tabs and a softly tapered leg. They deliver a modern finish for office and event dressing.",Men|Trousers|Tailored|Pleated|Formal,Mens-Edit|Office-Ready|Occasion-Wear,27,6,https://images.unsplash.com/photo-1646573887502-8ca73d1dd05a?auto=format&fit=crop&q=80&w=1200,https://images.unsplash.com/photo-1646573887502-8ca73d1dd05a?auto=format&fit=crop&q=80&w=1200|https://images.pexels.com/photos/3998648/pexels-photo-3998648.jpeg?auto=compress&cs=tinysrgb&w=1200,Kojo Pleated Tailored Trousers – demo catalog image,https://unsplash.com/photos/a-man-wearing-a-paris-shirt-and-khaki-pants-MrH9XNLmeIQ,Unsplash / SASI,0
ADMA-TRS-002,Kwame Drawstring Linen Trousers,kwame-drawstring-linen-trousers,active,physical,trousers,adma-studio,35900,40900,17200,1,0,0,2026-07-19T08:00:00Z,Light linen-blend trousers with an easy drawstring waist.,The Kwame Linen Trousers balance a relaxed drawstring waist with a neat straight leg. Breathable and polished enough for warm-weather workdays or weekends.,Men|Trousers|Linen|Drawstring|Breathable,Mens-Edit|Linen-Edit|Weekend-Style,34,8,https://images.unsplash.com/photo-1646573887502-8ca73d1dd05a?auto=format&fit=crop&q=80&w=1200,https://images.unsplash.com/photo-1646573887502-8ca73d1dd05a?auto=format&fit=crop&q=80&w=1200|https://images.pexels.com/photos/3998648/pexels-photo-3998648.jpeg?auto=compress&cs=tinysrgb&w=1200,Kwame Drawstring Linen Trousers – demo catalog image,https://unsplash.com/photos/a-man-wearing-a-paris-shirt-and-khaki-pants-MrH9XNLmeIQ,Unsplash / SASI,0
ADMA-TRS-003,Yaw Straight-Leg Cargo Trousers,yaw-straight-leg-cargo-trousers,active,physical,trousers,adma-studio,36900,42900,17700,1,0,0,2026-07-19T08:00:00Z,Modern straight-leg cargos with clean utility detailing.,"The Yaw Cargo Trousers feature streamlined side pockets, a structured waistband and a comfortable straight leg. Built for practical everyday styling without excess bulk.",Men|Trousers|Cargo|Utility|Casual,Mens-Edit|Weekend-Style|New-Arrivals,30,7,https://images.unsplash.com/photo-1646573887502-8ca73d1dd05a?auto=format&fit=crop&q=80&w=1200,https://images.unsplash.com/photo-1646573887502-8ca73d1dd05a?auto=format&fit=crop&q=80&w=1200|https://images.pexels.com/photos/3998648/pexels-photo-3998648.jpeg?auto=compress&cs=tinysrgb&w=1200,Yaw Straight-Leg Cargo Trousers – demo catalog image,https://unsplash.com/photos/a-man-wearing-a-paris-shirt-and-khaki-pants-MrH9XNLmeIQ,Unsplash / SASI,0
ADMA-TRS-004,Nana Tapered Office Trousers,nana-tapered-office-trousers,active,physical,trousers,adma-studio,37900,42900,18100,1,0,0,2026-07-19T08:00:00Z,Clean tapered trousers designed for polished workwear.,The Nana Office Trousers are cut from a smooth wrinkle-resistant fabric with a mid rise and tapered leg. A reliable foundation for weekday tailoring.,Men|Trousers|Tapered|Workwear|Formal,Mens-Edit|Office-Ready|Everyday-Essentials,31,7,https://images.unsplash.com/photo-1646573887502-8ca73d1dd05a?auto=format&fit=crop&q=80&w=1200,https://images.unsplash.com/photo-1646573887502-8ca73d1dd05a?auto=format&fit=crop&q=80&w=1200|https://images.pexels.com/photos/3998648/pexels-photo-3998648.jpeg?auto=compress&cs=tinysrgb&w=1200,Nana Tapered Office Trousers – demo catalog image,https://unsplash.com/photos/a-man-wearing-a-paris-shirt-and-khaki-pants-MrH9XNLmeIQ,Unsplash / SASI,0
LB-TRS-002,Kofi Weekend Jogger Trousers,kofi-weekend-jogger-trousers,active,physical,trousers,lasid-basics,26900,30900,12600,1,0,0,2026-07-19T08:00:00Z,Soft everyday joggers with a tidy tapered finish.,"The Kofi Joggers use a soft cotton-blend fabric with an elastic waist, drawcord and cuffed ankles. Comfortable for travel, errands and relaxed days.",Men|Trousers|Jogger|Cotton|Casual,Mens-Edit|Weekend-Style|Basics,45,10,https://images.unsplash.com/photo-1646573887502-8ca73d1dd05a?auto=format&fit=crop&q=80&w=1200,https://images.unsplash.com/photo-1646573887502-8ca73d1dd05a?auto=format&fit=crop&q=80&w=1200|https://images.pexels.com/photos/3998648/pexels-photo-3998648.jpeg?auto=compress&cs=tinysrgb&w=1200,Kofi Weekend Jogger Trousers – demo catalog image,https://unsplash.com/photos/a-man-wearing-a-paris-shirt-and-khaki-pants-MrH9XNLmeIQ,Unsplash / SASI,0
LB-SCH-001,Primary White School Shirt,primary-white-school-shirt,active,physical,school-wear,lasid-basics,12900,14900,5700,1,0,0,2026-07-19T08:00:00Z,A durable short-sleeve white school shirt for daily uniform wear.,"Made from an easy-care cotton blend, this school shirt has a neat collar, reinforced seams and a comfortable regular fit for active school days.",Kids|School-Wear|Shirt|Uniform|Easy-Care,Kids-Edit|School-Ready|Everyday-Essentials,90,18,https://images.unsplash.com/photo-1600792174569-59e1e0be0619?auto=format&fit=crop&q=80&w=1200,https://images.unsplash.com/photo-1600792174569-59e1e0be0619?auto=format&fit=crop&q=80&w=1200|https://images.pexels.com/photos/38227511/pexels-photo-38227511.jpeg?auto=compress&cs=tinysrgb&w=1200,Primary White School Shirt – demo catalog image,https://unsplash.com/photos/children-in-white-school-uniform-cloQlpJ2RBU,Unsplash / Husniati Salma,0
LB-SCH-002,Junior Navy School Shorts,junior-navy-school-shorts,active,physical,school-wear,lasid-basics,11900,13900,5200,1,0,0,2026-07-19T08:00:00Z,Hard-wearing navy school shorts with an adjustable waist.,"These Junior School Shorts feature an adjustable inner waistband, practical side pockets and durable fabric designed to handle regular washing and active days.",Kids|School-Wear|Shorts|Uniform|Durable,Kids-Edit|School-Ready|Basics,84,16,https://images.unsplash.com/photo-1600792174569-59e1e0be0619?auto=format&fit=crop&q=80&w=1200,https://images.unsplash.com/photo-1600792174569-59e1e0be0619?auto=format&fit=crop&q=80&w=1200|https://images.pexels.com/photos/38227511/pexels-photo-38227511.jpeg?auto=compress&cs=tinysrgb&w=1200,Junior Navy School Shorts – demo catalog image,https://unsplash.com/photos/children-in-white-school-uniform-cloQlpJ2RBU,Unsplash / Husniati Salma,0
LB-SCH-003,Girls Pleated Navy School Skirt,girls-pleated-navy-school-skirt,active,physical,school-wear,lasid-basics,13900,15900,6200,1,0,0,2026-07-19T08:00:00Z,A classic pleated school skirt with an adjustable waistband.,"Designed for comfort and neat presentation, this school skirt has permanent pleats, an adjustable inner waist and a secure side fastening.",Kids|Girls|School-Wear|Skirt|Uniform,Kids-Edit|School-Ready|Everyday-Essentials,72,14,https://images.unsplash.com/photo-1600792174569-59e1e0be0619?auto=format&fit=crop&q=80&w=1200,https://images.unsplash.com/photo-1600792174569-59e1e0be0619?auto=format&fit=crop&q=80&w=1200|https://images.pexels.com/photos/38227511/pexels-photo-38227511.jpeg?auto=compress&cs=tinysrgb&w=1200,Girls Pleated Navy School Skirt – demo catalog image,https://unsplash.com/photos/children-in-white-school-uniform-cloQlpJ2RBU,Unsplash / Husniati Salma,0
LB-SCH-004,Senior Grey School Trousers,senior-grey-school-trousers,active,physical,school-wear,lasid-basics,16900,18900,7600,1,0,0,2026-07-19T08:00:00Z,Smart grey school trousers with a comfortable straight fit.,"These Senior School Trousers are made from durable easy-care fabric with belt loops, side pockets and a straight leg that stays neat through the school day.",Kids|School-Wear|Trousers|Uniform|Easy-Care,Kids-Edit|School-Ready|Basics,65,13,https://images.unsplash.com/photo-1600792174569-59e1e0be0619?auto=format&fit=crop&q=80&w=1200,https://images.unsplash.com/photo-1600792174569-59e1e0be0619?auto=format&fit=crop&q=80&w=1200|https://images.pexels.com/photos/38227511/pexels-photo-38227511.jpeg?auto=compress&cs=tinysrgb&w=1200,Senior Grey School Trousers – demo catalog image,https://unsplash.com/photos/children-in-white-school-uniform-cloQlpJ2RBU,Unsplash / Husniati Salma,0
LB-SCH-005,Unisex Maroon School Cardigan,unisex-maroon-school-cardigan,active,physical,school-wear,lasid-basics,18900,21900,8600,1,0,1,2026-07-19T08:00:00Z,A soft button-front school cardigan for cooler mornings.,"This unisex school cardigan is knitted in a durable easy-care yarn with ribbed cuffs, practical front buttons and a comfortable layer-friendly fit.",Kids|School-Wear|Cardigan|Uniform|Unisex,Kids-Edit|School-Ready|Featured,52,11,https://images.unsplash.com/photo-1600792174569-59e1e0be0619?auto=format&fit=crop&q=80&w=1200,https://images.unsplash.com/photo-1600792174569-59e1e0be0619?auto=format&fit=crop&q=80&w=1200|https://images.pexels.com/photos/38227511/pexels-photo-38227511.jpeg?auto=compress&cs=tinysrgb&w=1200,Unisex Maroon School Cardigan – demo catalog image,https://unsplash.com/photos/children-in-white-school-uniform-cloQlpJ2RBU,Unsplash / Husniati Salma,0
LB-SCH-006,Girls White School Blouse,girls-white-school-blouse,active,physical,school-wear,lasid-basics,12900,14900,5700,1,0,0,2026-07-19T08:00:00Z,A neat white school blouse with a comfortable shaped fit.,"This easy-care school blouse features a rounded collar, short sleeves and reinforced seams. Its slightly shaped fit provides comfort while maintaining a tidy uniform look.",Kids|Girls|School-Wear|Blouse|Uniform,Kids-Edit|School-Ready|Everyday-Essentials,78,15,https://images.unsplash.com/photo-1600792174569-59e1e0be0619?auto=format&fit=crop&q=80&w=1200,https://images.unsplash.com/photo-1600792174569-59e1e0be0619?auto=format&fit=crop&q=80&w=1200|https://images.pexels.com/photos/38227511/pexels-photo-38227511.jpeg?auto=compress&cs=tinysrgb&w=1200,Girls White School Blouse – demo catalog image,https://unsplash.com/photos/children-in-white-school-uniform-cloQlpJ2RBU,Unsplash / Husniati Salma,0
LB-PLY-001,Kids Graphic Tee Twin Pack,kids-graphic-tee-twin-pack,active,physical,play-wear,lasid-basics,15900,18900,7100,1,0,1,2026-07-19T08:00:00Z,Two soft cotton graphic tees made for busy play days.,"This twin pack includes two breathable cotton tees with cheerful front graphics, comfortable crew necks and easy regular fits for everyday play.",Kids|Play-Wear|T-Shirt|Cotton|Multipack,Kids-Edit|Play-Day|Everyday-Essentials,70,14,https://images.pexels.com/photos/38227511/pexels-photo-38227511.jpeg?auto=compress&cs=tinysrgb&w=1200,https://images.pexels.com/photos/38227511/pexels-photo-38227511.jpeg?auto=compress&cs=tinysrgb&w=1200|https://images.pexels.com/photos/3998648/pexels-photo-3998648.jpeg?auto=compress&cs=tinysrgb&w=1200,Kids Graphic Tee Twin Pack – demo catalog image,https://www.pexels.com/photo/flat-lay-of-clothes-3998648/,Pexels / Hana Brannigan,0
LB-PLY-002,Kids Pull-On Denim Shorts,kids-pull-on-denim-shorts,active,physical,play-wear,lasid-basics,14900,16900,6600,1,0,0,2026-07-19T08:00:00Z,Soft pull-on denim shorts with a flexible elastic waist.,"These lightweight denim shorts have an elastic drawstring waist, roomy pockets and a relaxed shape that lets children move comfortably throughout the day.",Kids|Play-Wear|Shorts|Denim|Casual,Kids-Edit|Play-Day|Weekend-Style,62,12,https://images.pexels.com/photos/38227511/pexels-photo-38227511.jpeg?auto=compress&cs=tinysrgb&w=1200,https://images.pexels.com/photos/38227511/pexels-photo-38227511.jpeg?auto=compress&cs=tinysrgb&w=1200|https://images.pexels.com/photos/3998648/pexels-photo-3998648.jpeg?auto=compress&cs=tinysrgb&w=1200,Kids Pull-On Denim Shorts – demo catalog image,https://www.pexels.com/photo/flat-lay-of-clothes-3998648/,Pexels / Hana Brannigan,0
LB-PLY-003,Girls Cotton Jersey Play Dress,girls-cotton-jersey-play-dress,active,physical,play-wear,lasid-basics,16900,19900,7600,1,0,0,2026-07-19T08:00:00Z,A soft jersey dress designed for easy movement and play.,"This cotton jersey play dress combines a comfortable T-shirt top with a gently flared skirt. Simple to pull on, easy to wash and ideal for active days.",Kids|Girls|Play-Wear|Dress|Cotton,Kids-Edit|Play-Day|Everyday-Essentials,58,12,https://images.pexels.com/photos/38227511/pexels-photo-38227511.jpeg?auto=compress&cs=tinysrgb&w=1200,https://images.pexels.com/photos/38227511/pexels-photo-38227511.jpeg?auto=compress&cs=tinysrgb&w=1200|https://images.pexels.com/photos/3998648/pexels-photo-3998648.jpeg?auto=compress&cs=tinysrgb&w=1200,Girls Cotton Jersey Play Dress – demo catalog image,https://www.pexels.com/photo/flat-lay-of-clothes-3998648/,Pexels / Hana Brannigan,0
LB-PLY-004,Boys Utility Joggers,boys-utility-joggers,active,physical,play-wear,lasid-basics,17900,20900,8100,1,0,0,2026-07-19T08:00:00Z,Comfortable utility joggers with practical cargo pockets.,"These boys' joggers feature a soft elastic waist, cuffed hems and functional side cargo pockets. Durable enough for outdoor play while staying comfortable indoors.",Kids|Boys|Play-Wear|Jogger|Utility,Kids-Edit|Play-Day|Weekend-Style,55,11,https://images.pexels.com/photos/38227511/pexels-photo-38227511.jpeg?auto=compress&cs=tinysrgb&w=1200,https://images.pexels.com/photos/38227511/pexels-photo-38227511.jpeg?auto=compress&cs=tinysrgb&w=1200|https://images.pexels.com/photos/3998648/pexels-photo-3998648.jpeg?auto=compress&cs=tinysrgb&w=1200,Boys Utility Joggers – demo catalog image,https://www.pexels.com/photo/flat-lay-of-clothes-3998648/,Pexels / Hana Brannigan,0
LB-PLY-005,Kids Colourblock Hoodie,kids-colourblock-hoodie,active,physical,play-wear,lasid-basics,22900,25900,10500,1,0,1,2026-07-19T08:00:00Z,A soft colourblock hoodie for layering on cooler days.,"The Kids Colourblock Hoodie is made from a cosy cotton-blend fleece with a lined hood, kangaroo pocket and ribbed trims for a secure comfortable fit.",Kids|Play-Wear|Hoodie|Unisex|Layering,Kids-Edit|Play-Day|Featured,44,9,https://images.pexels.com/photos/38227511/pexels-photo-38227511.jpeg?auto=compress&cs=tinysrgb&w=1200,https://images.pexels.com/photos/38227511/pexels-photo-38227511.jpeg?auto=compress&cs=tinysrgb&w=1200|https://images.pexels.com/photos/3998648/pexels-photo-3998648.jpeg?auto=compress&cs=tinysrgb&w=1200,Kids Colourblock Hoodie – demo catalog image,https://www.pexels.com/photo/flat-lay-of-clothes-3998648/,Pexels / Hana Brannigan,0
LB-PLY-006,Kids Everyday Leggings Twin Pack,kids-everyday-leggings-twin-pack,active,physical,play-wear,lasid-basics,14900,17900,6600,1,0,0,2026-07-19T08:00:00Z,Two pairs of soft stretch leggings for school-free days.,"This twin pack of full-length leggings is made from comfortable stretch cotton with elasticated waists. Easy to mix with tees, dresses and hoodies.",Kids|Play-Wear|Leggings|Stretch|Multipack,Kids-Edit|Play-Day|Basics,68,14,https://images.pexels.com/photos/38227511/pexels-photo-38227511.jpeg?auto=compress&cs=tinysrgb&w=1200,https://images.pexels.com/photos/38227511/pexels-photo-38227511.jpeg?auto=compress&cs=tinysrgb&w=1200|https://images.pexels.com/photos/3998648/pexels-photo-3998648.jpeg?auto=compress&cs=tinysrgb&w=1200,Kids Everyday Leggings Twin Pack – demo catalog image,https://www.pexels.com/photo/flat-lay-of-clothes-3998648/,Pexels / Hana Brannigan,0
