SKU,SLUG,STATUS,PRODUCT_TYPE,CATEGORY,BRAND,BASE_PRICE_CENTS,COMPARE_AT_PRICE_CENTS,COST_PRICE_CENTS,TRACK_INVENTORY,ALLOW_BACKORDERS,IS_FEATURED,PUBLISHED_AT,SHORT_DESCRIPTION,NAME,DESCRIPTION,TAGS,COLLECTIONS,QUANTITY_ON_HAND,REORDER_LEVEL,MAIN_IMAGE_URL,IMAGE_URLS,IMAGE_ALT_TEXT,IMAGE_SOURCE_URL,IMAGE_CREDIT,IMAGE_IS_EXACT_PRODUCT
SKU-5F037E,35pcs-colorful-pentagram-embroidered-patches-small-sized-star-embroidery-stickers-suitable-for-halloween-holidays-party-glass-gift-box-birthday-gift-decoration,active,physical,stationery-writing,northline-home,210.0,210.0,105.0,1.0,0,0,2026-07-20T19:55:58.257947,,"1pc Transparent Sticky Notes,Each Pack Contains Fifty Sheets,Used For Planning Life, Key Points Summary, Suitable For Students, Teachers And Office Staff, Suitable For Schools And Offices",". 1pc Transparent Sticky Notes,Each Pack Contains Fifty Sheets,Used For Planning Life, Key Points Summary, Suitable For Students, Teachers And Office Staff, Suitable For Schools And Offices- Sticky Notes at SHEIN.",basic,New-Arrivals,1.0,5,https://img.ltwebstatic.com/images3_spmp/2024/07/25/c6/1721877725f4aa5dc10dc51a126fad3bfc72a07cc3_square.jpg,https://img.ltwebstatic.com/images3_spmp/2024/07/25/96/172187767043a552954eec1e98384f7d9cec260f38_square.jpg|https://img.ltwebstatic.com/images3_spmp/2024/07/25/6b/1721877682fee44ba4bff0a76e7283beb38260a470_square.jpg|https://img.ltwebstatic.com/images3_spmp/2024/07/25/7c/172187769190125e2a77a60ecdd475ae793b0d71ce_square.jpg|https://img.ltwebstatic.com/images3_spmp/2024/07/25/82/1721877696e849d7616d6a15359b8f44d9b7839693_square.jpg|https://img.ltwebstatic.com/images3_spmp/2024/07/25/3f/17218777014b120714b59b728f1f0d6521367e739e_square.jpg|https://img.ltwebstatic.com/images3_spmp/2024/07/25/c6/1721877725f4aa5dc10dc51a126fad3bfc72a07cc3_square.jpg|https://img.ltwebstatic.com/images3_spmp/2024/07/25/0c/1721877757ea16ad9224c3a5203f10a66531bd9e46_square.jpg|https://img.ltwebstatic.com/images3_spmp/2024/07/25/88/172187773320946d175e127dc453fe374c44643b8c.jpg|https://img.ltwebstatic.com/images3_spmp/2024/07/25/42/17218777389ac3f28d389c4494ce92fb386c01e4b9.jpg|https://img.ltwebstatic.com/images3_spmp/2024/07/25/a1/17218777492ebfce7889310ec02a452b2a9e6ad5bb.jpg,"1pc Transparent Sticky Notes,Each Pack Contains Fifty Sheets,Used For Planning Life, Key Points Summary, Suitable For Students, Teachers And Office Staff, Suitable For Schools And Offices – demo catalog image","https://us.shein.com/1pc-Transparent-Sticky-Notes,Each-Pack-Contains-Fifty-Sheets,Used-For-Planning-Life,-Key-Points-Summary,-Suitable-For-Students,-Teachers-And-Office-Staff,-Suitable-For-Schools-And-Offices-p-39708590.html",Scraped / Source,0
SKU-38E9D8,1-roll-disposable-collar-pads-anti-sweat-shirt-collar-protector-cap-brim-sweat-absorbing-sticker-anti-stain-collar-stickers-transparent-jewelry-metal-glue-upgraded-clear-gel-liquid-fabric-glue,active,physical,cleaning-household,lasid-basics,459.0,470.0,229.0,1.0,0,0,2026-07-20T19:55:58.257947,,"JAKEHOE Latex Paint Remover, Easily Cleans Renovation Residue, Removes Putty Powder, Oil-Based Paint, Cleaning Agent",". JAKEHOE Latex Paint Remover, Easily Cleans Renovation Residue, Removes Putty Powder, Oil-Based Paint, Cleaning Agent- Glass Cleaner at SHEIN.",cotton,New-Arrivals,1.0,5,https://img.ltwebstatic.com/images3_spmp/2024/07/30/e0/1722271430a307d156d9bd60b46e0296da60a26cb1.png,https://img.ltwebstatic.com/images3_spmp/2024/07/30/e0/1722271430a307d156d9bd60b46e0296da60a26cb1.png|https://img.ltwebstatic.com/images3_spmp/2024/07/30/e9/1722271429b9b8405c5b83e8cb867e68f96b891a0f.png|https://img.ltwebstatic.com/images3_spmp/2024/07/30/e9/17222714295db368d9695d3ee3d6596116ab2847ae.png|https://img.ltwebstatic.com/images3_spmp/2024/07/30/e9/17222714291bad9301f617c38331079aad01053293.png|https://img.ltwebstatic.com/images3_spmp/2024/07/30/e9/1722271429466aaf8692007ee5c2691d2a1c047029.png|https://img.ltwebstatic.com/images3_spmp/2024/07/30/e9/172227142911704a28fdbc3d442985b9812dc2a6ff.png|https://img.ltwebstatic.com/images3_spmp/2024/07/30/68/1722271437f3e619dbbb0f9f5e5e05c05703150945.png|https://img.ltwebstatic.com/images3_spmp/2024/07/30/68/17222714375c53de744e4ecaaab8c511ffefb76b92.png|https://img.ltwebstatic.com/images3_spmp/2024/07/30/ca/1722271438136a304cab8ced515826f0c1b484bfa4.png|https://img.ltwebstatic.com/images3_spmp/2024/07/30/68/1722271437ee76b7f1c12f2c9576277eea65bab53b.png|https://img.ltwebstatic.com/images3_spmp/2024/07/30/ca/1722271438e4ecab23ab8e5499f7a16a3fac55ca35.png|https://img.ltwebstatic.com/images3_spmp/2024/07/30/68/17222714378067347201d206a9ec201e3ec009ca42.png,"JAKEHOE Latex Paint Remover, Easily Cleans Renovation Residue, Removes Putty Powder, Oil-Based Paint, Cleaning Agent – demo catalog image","https://us.shein.com/JAKEHOE-Latex-Paint-Remover,-Easily-Cleans-Renovation-Residue,-Removes-Putty-Powder,-Oil-Based-Paint,-Cleaning-Agent-p-39911142.html",Scraped / Source,0
SKU-D19CCD,unbeatablesale-k904-tan-seam-fil-1-oz-tube,active,physical,arts-crafts-sewing,northline-home,1342.0,1342.0,671.0,1.0,0,0,2026-07-20T19:55:58.257947,,"Unbeatablesale Kdar RD4ULD100 4 In. Ultra Light Duty Cable Ties, Red - Pack Of 100",". Unbeatablesale Kdar RD4ULD100 4 In. Ultra Light Duty Cable Ties, Red - Pack Of 100- Labeling Supplies at SHEIN.",cardigan,New-Arrivals,1.0,5,https://img.ltwebstatic.com/images3_spmp/2024/08/06/b3/172294421545c512012f97b684a3903967849e0f54.jpg,https://img.ltwebstatic.com/images3_spmp/2024/08/06/b3/172294421545c512012f97b684a3903967849e0f54.jpg|https://img.ltwebstatic.com/images3_spmp/2024/08/06/b3/172294421545c512012f97b684a3903967849e0f54.jpg|https://img.ltwebstatic.com/images3_spmp/2024/08/06/b3/172294421545c512012f97b684a3903967849e0f54.jpg,"Unbeatablesale Kdar RD4ULD100 4 In. Ultra Light Duty Cable Ties, Red - Pack Of 100 – demo catalog image","https://us.shein.com/Kdar-RD4ULD100-4-In.-Ultra-Light-Duty-Cable-Ties,-Red---Pack-Of-100-p-40229327.html",Scraped / Source,0
SKU-E044AE,20pcs-mixed-assorted-color-star-shaped-side-clip-hair-accessories,active,physical,decor,gold-coast-care,22995.0,22995.0,11497.0,1.0,0,0,2026-07-20T19:55:58.257947,,"Unbeatablesale Kalalou NKE1006 9 X 30 In. Wire Trees, Brass - Set Of 3",". Unbeatablesale Kalalou NKE1006 9 X 30 In. Wire Trees, Brass - Set Of 3- Wall Decoration at SHEIN.",denim,Occasion-Wear,1.0,5,https://img.ltwebstatic.com/images3_spmp/2024/07/28/9b/172215175130493bd5568e49a8a1e894c62b407c28.jpg,https://img.ltwebstatic.com/images3_spmp/2024/07/28/9b/172215175130493bd5568e49a8a1e894c62b407c28.jpg|https://img.ltwebstatic.com/images3_spmp/2024/07/28/9b/172215175130493bd5568e49a8a1e894c62b407c28.jpg|https://img.ltwebstatic.com/images3_spmp/2024/07/28/9b/172215175130493bd5568e49a8a1e894c62b407c28.jpg,"Unbeatablesale Kalalou NKE1006 9 X 30 In. Wire Trees, Brass - Set Of 3 – demo catalog image","https://us.shein.com/Kalalou-NKE1006-9-X-30-In.-Wire-Trees,-Brass---Set-Of-3-p-39680308.html",Scraped / Source,0
SKU-55BB1A,20pcs-solid-color-party-bubble-tube-for-party,active,physical,storage-organization,urban-step,1526.0,1526.0,763.0,1.0,0,0,2026-07-20T19:55:58.257947,,"Unbeatablesale PIX North America B26 29 In. FHP Rubber V-Belt, Black",". Unbeatablesale PIX North America B26 29 In. FHP Rubber V-Belt, Black- Tool Cases at SHEIN.",chambray,Occasion-Wear,1.0,5,https://img.ltwebstatic.com/images3_spmp/2024/08/09/a2/1723134868fc82fb63ab71ca132b4e76f74d7c92d6.jpg,https://img.ltwebstatic.com/images3_spmp/2024/08/09/a2/1723134868fc82fb63ab71ca132b4e76f74d7c92d6.jpg|https://img.ltwebstatic.com/images3_spmp/2024/08/09/a2/1723134868fc82fb63ab71ca132b4e76f74d7c92d6.jpg|https://img.ltwebstatic.com/images3_spmp/2024/08/09/a2/1723134868fc82fb63ab71ca132b4e76f74d7c92d6.jpg,"Unbeatablesale PIX North America B26 29 In. FHP Rubber V-Belt, Black – demo catalog image","https://us.shein.com/PIX-North-America-B26-29-In.-FHP-Rubber-V-Belt,-Black-p-40402807.html",Scraped / Source,0
SKU-287F0A,the-north-face-inferno-nf0a52dl1u5-sleeping-bag-unisex-yellow-nylon-zip-bg227,active,physical,stationery-writing,urban-step,1692.0,1692.0,846.0,1.0,0,0,2026-07-20T19:55:58.257947,,Unbeatablesale Jiallo 11750 Credit Card Holder RFID Blocking Aluminum Business Card Holder Pop-Up Card Case,. Unbeatablesale Jiallo 11750 Credit Card Holder RFID Blocking Aluminum Business Card Holder Pop-Up Card Case- Binders at SHEIN.,drawstring,Womens-Edit,1.0,5,https://img.ltwebstatic.com/images3_spmp/2024/08/06/f4/1722942376d9abc8dc9cda59ed4a17ed254786e592.jpg,https://img.ltwebstatic.com/images3_spmp/2024/08/06/f4/1722942376d9abc8dc9cda59ed4a17ed254786e592.jpg|https://img.ltwebstatic.com/images3_spmp/2024/08/06/f4/1722942376d9abc8dc9cda59ed4a17ed254786e592.jpg|https://img.ltwebstatic.com/images3_spmp/2024/08/06/f4/1722942376d9abc8dc9cda59ed4a17ed254786e592.jpg,Unbeatablesale Jiallo 11750 Credit Card Holder RFID Blocking Aluminum Business Card Holder Pop-Up Card Case – demo catalog image,https://us.shein.com/Jiallo-11750-Credit-Card-Holder-RFID-Blocking-Aluminum-Business-Card-Holder-Pop-Up-Card-Case-p-40268721.html,Scraped / Source,0
SKU-4ECB09,unbeatablesale-k-tool-international-kti27118-3-8-inch-drive-standard-6-point-chrome-socket-18mm,active,physical,jewelry,gold-coast-care,130.0,130.0,65.0,1.0,0,0,2026-07-20T19:55:58.257947,,1 pair of diameter 12cm women's white super large exaggerated minimalism round big earrings prom party nightclub dance earrings for friends gifts Y2K style,. 1 pair of diameter 12cm women's white super large exaggerated minimalism round big earrings prom party nightclub dance earrings for friends gifts Y2K style- Women Hoop Earrings at SHEIN.,casual,Womens-Edit,1.0,5,https://img.ltwebstatic.com/images3_spmp/2023/06/19/16871583755f2e89510a35d3859dc16c66fc1c43e2.jpg,https://img.ltwebstatic.com/images3_spmp/2023/06/19/16871583755f2e89510a35d3859dc16c66fc1c43e2.jpg|https://img.ltwebstatic.com/images3_spmp/2023/06/19/1687158375b5f96faee86f21bf4e29d4ac108f7868.jpg|https://img.ltwebstatic.com/images3_spmp/2023/06/19/16871583753c2b345ae7a3a425ba3ada6a545132c1.jpg|https://img.ltwebstatic.com/images3_spmp/2023/06/19/168715837507b0ddf707a4c58dc93cea7c8112570c.jpg|https://img.ltwebstatic.com/images3_spmp/2023/06/19/1687158375c3c6af4ff208f3479aeff491879fe280.jpg,1 pair of diameter 12cm women's white super large exaggerated minimalism round big earrings prom party nightclub dance earrings for friends gifts Y2K style – demo catalog image,https://us.shein.com/1-pair-of-diameter-12cm-women%27s-white-super-large-exaggerated-minimalism-round-big-earrings-prom-party-nightclub-dance-earrings-for-friends-gifts-Y2K-style-p-18142300.html,Scraped / Source,0
SKU-181607,1-piece-s925-sterling-silver-diy-bead-for-daily-matching-give-to-girlfriend-or-best-friend,active,physical,jewelry,urban-step,170.0,170.0,85.0,1.0,0,0,2026-07-20T19:55:58.257947,,"2024 New Elegant Velvet Bow Knot & Tassel Dangle Earrings, Fashionable Women Long Drop Earrings",". 2024 New Elegant Velvet Bow Knot & Tassel Dangle Earrings, Fashionable Women Long Drop Earrings- Women Dangle Earrings at SHEIN.",casual,Occasion-Wear,1.0,5,https://img.ltwebstatic.com/images3_spmp/2024/08/02/59/17225969590470574e40f9a15c3a971f83e20f44b6.jpg,https://img.ltwebstatic.com/images3_spmp/2024/08/02/43/17225968624a8c5650db2e086e9310f766b693bc9c.jpg|https://img.ltwebstatic.com/images3_spmp/2024/08/02/86/1722596863b68c0d5f7ca7c21111aab02d68265ba2.jpg|https://img.ltwebstatic.com/images3_spmp/2024/08/02/86/17225968634f03d4f2135d34195c9e55a85186e959.jpg|https://img.ltwebstatic.com/images3_spmp/2024/08/02/86/1722596863abb7c6fdc80d23e21f5d124303bd0a08.jpg|https://img.ltwebstatic.com/images3_spmp/2024/08/02/86/17225968634891a56b961278b59c019968d8d512d1.jpg|https://img.ltwebstatic.com/images3_spmp/2024/08/02/b3/1722596861fec9f79917acd3f3bf75879265d63a74.jpg|https://img.ltwebstatic.com/images3_spmp/2024/08/02/59/17225969590470574e40f9a15c3a971f83e20f44b6.jpg|https://img.ltwebstatic.com/images3_spmp/2024/08/02/0c/17225970187fa0213b45e5c554e1418ad533062185.jpg|https://img.ltwebstatic.com/images3_spmp/2024/08/02/5c/1722596982a0ff930ef3bc2c59bedf756b3cbe37d5.jpg|https://img.ltwebstatic.com/images3_spmp/2024/08/02/94/1722596986a59f83a5ccd25a845fd276b9f79b1de7.jpg|https://img.ltwebstatic.com/images3_spmp/2024/08/02/df/1722596987cec12eeb28fa4fdeb28326df3af61114.jpg|https://img.ltwebstatic.com/images3_spmp/2024/08/02/94/172259698695e91fd5145a4742caa98135a7d5e522.jpg|https://img.ltwebstatic.com/images3_spmp/2024/08/02/df/1722596987dc66f1079a4890a24eb00c30a0a87f63.jpg|https://img.ltwebstatic.com/images3_spmp/2024/08/02/df/17225969872bed0f0667d23c5dab0be6eaa4d3f81e.jpg,"2024 New Elegant Velvet Bow Knot & Tassel Dangle Earrings, Fashionable Women Long Drop Earrings – demo catalog image","https://us.shein.com/2024-New-Elegant-Velvet-Bow-Knot-&amp;-Tassel-Dangle-Earrings,-Fashionable-Women-Long-Drop-Earrings-p-40054108.html",Scraped / Source,0
SKU-EA0EE2,1-piece-stainless-steel-adjustable-metal-snake-bracelet,active,physical,kitchen-dining,urban-step,240.0,250.0,120.0,1.0,0,0,2026-07-20T19:55:58.257947,,"304 Stainless Steel Food Clip, Korean Style Barbecue Clip, Household Steak Clip, Kitchen Tool, Buffet Bread Clip",". 304 Stainless Steel Food Clip, Korean Style Barbecue Clip, Household Steak Clip, Kitchen Tool, Buffet Bread Clip- Other Kitchen Tools at SHEIN.",cotton,Occasion-Wear,1.0,5,https://img.ltwebstatic.com/images3_spmp/2024/07/29/28/172225060012e5165a813df828a41433f6b71a815d_square.jpg,https://img.ltwebstatic.com/images3_spmp/2024/07/29/28/172225060012e5165a813df828a41433f6b71a815d_square.jpg|https://img.ltwebstatic.com/images3_spmp/2024/07/29/02/1722250598ebeb658c5d95f815f32952efc412afb2_square.jpg|https://img.ltwebstatic.com/images3_spmp/2024/07/29/28/1722250600e1f98ff9671fad6dab3d0742d281aa76_square.jpg|https://img.ltwebstatic.com/images3_spmp/2024/07/29/28/1722250600c4cdb0630d66da414ffb7a6f3722db89_square.jpg|https://img.ltwebstatic.com/images3_spmp/2024/07/29/44/17222505997d120d358918c727c6782a85b58136ba_square.jpg|https://img.ltwebstatic.com/images3_spmp/2024/07/29/44/1722250599c10331e21b9c3dea34057cc875303880_square.jpg|https://img.ltwebstatic.com/images3_spmp/2024/07/29/44/17222505999f914f99dba51a571cb1a446329a5340_square.jpg,"304 Stainless Steel Food Clip, Korean Style Barbecue Clip, Household Steak Clip, Kitchen Tool, Buffet Bread Clip – demo catalog image","https://us.shein.com/304-Stainless-Steel-Food-Clip,-Korean-Style-Barbecue-Clip,-Household-Steak-Clip,-Kitchen-Tool,-Buffet-Bread-Clip-p-39775974.html",Scraped / Source,0
SKU-99C024,unbeatablesale-hy-ko-products-kb352-bkt-matching-plastic-wrist-whistle-ring-20-pieces,active,physical,decor,adma-studio,280.0,290.0,140.0,1.0,0,0,2026-07-20T19:55:58.257947,,"1 Set Of 4pcs Strawberry Scented Candles, Wholesale Aromatherapy Candle Gift Box, Creative Birthday Gift, Handmade Decorative Candles",". 1 Set Of 4pcs Strawberry Scented Candles, Wholesale Aromatherapy Candle Gift Box, Creative Birthday Gift, Handmade Decorative Candles- Scented Candles at SHEIN.",dress,New-Arrivals,1.0,5,https://img.ltwebstatic.com/images3_spmp/2024/07/30/f1/1722340378479db4e7287b049bd385402726b21b1b.jpg,https://img.ltwebstatic.com/images3_spmp/2024/07/30/f1/1722340378479db4e7287b049bd385402726b21b1b.jpg|https://img.ltwebstatic.com/images3_spmp/2024/07/30/f1/1722340378a2603d5cb3e8e0a72a49ddb6426c8f92.jpg|https://img.ltwebstatic.com/images3_spmp/2024/07/30/f1/17223403780a35345fb95de27afc1cf09a1c4d2405.jpg|https://img.ltwebstatic.com/images3_spmp/2024/07/30/f1/172234037835544c3cce66f836855520a46726cf7e.jpg|https://img.ltwebstatic.com/images3_spmp/2024/07/30/f1/1722340378c00cd959f73f543095156a4a3b77ca0c.jpg|https://img.ltwebstatic.com/images3_spmp/2024/07/30/f1/1722340378d90f04db2375cd9abdc217db04842812.jpg|https://img.ltwebstatic.com/images3_spmp/2024/07/30/f1/17223403783f2cfb2dbbfbbdb9ab530dd4d507e96c.jpg|https://img.ltwebstatic.com/images3_spmp/2024/07/30/f1/1722340378c18a3d778453f56a6beb0a37fca09474.jpg|https://img.ltwebstatic.com/images3_spmp/2024/07/30/7d/1722340474f1717881dd270e7b067f114e5d6a37f4.jpg|https://img.ltwebstatic.com/images3_spmp/2024/07/30/7d/1722340474be8c1aad73cc62d9f89c9e1929f5654d.jpg|https://img.ltwebstatic.com/images3_spmp/2024/07/30/7d/172234047474645d712e4bf43c67c811a4d4a739dc.jpg|https://img.ltwebstatic.com/images3_spmp/2024/07/30/7d/17223404746bb1fbe25aba07a8522de27c1d82f377.jpg|https://img.ltwebstatic.com/images3_spmp/2024/07/30/7d/1722340474e6bd6a3691688534404d701be7189478.jpg|https://img.ltwebstatic.com/images3_spmp/2024/07/30/7d/17223404740875ea4d661bcf8ed697cb1739168d57.jpg|https://img.ltwebstatic.com/images3_spmp/2024/07/30/7d/1722340474d6bf8fe0358c3fb9db95591129a552fa.jpg|https://img.ltwebstatic.com/images3_spmp/2024/07/30/7d/172234047484acdcf0bef6b0be340b309d1cada1ec.jpg,"1 Set Of 4pcs Strawberry Scented Candles, Wholesale Aromatherapy Candle Gift Box, Creative Birthday Gift, Handmade Decorative Candles – demo catalog image","https://us.shein.com/1-Set-Of-4pcs-Strawberry-Scented-Candles,-Wholesale-Aromatherapy-Candle-Gift-Box,-Creative-Birthday-Gift,-Handmade-Decorative-Candles-p-39887458.html",Scraped / Source,0
SKU-2F73C1,new-arrival-small-handbags-for-women-2022-trendy-korean-style-fashion-crossbody-bags-elegant-shoulder-top-handle-bags-large-capacity-solid-color-mini-tote,active,physical,bags,gold-coast-care,893.0,1190.0,446.0,1.0,0,0,2026-07-20T19:55:58.257947,,"New Solid Color Street Casual Shoulder Bag, Fashionable Simple Clutch Bag, Crossbody Bag",". New Solid Color Street Casual Shoulder Bag, Fashionable Simple Clutch Bag, Crossbody Bag- Women Top Handle Bags at SHEIN.",checked,Womens-Edit,1.0,5,https://img.ltwebstatic.com/images3_pi/2023/03/30/1680137675368700c8440109bf899bc69e500821e9.jpg,https://img.ltwebstatic.com/images3_pi/2023/03/30/1680137675368700c8440109bf899bc69e500821e9.jpg|https://img.ltwebstatic.com/images3_pi/2023/03/30/16801376495f8027eaf302e5d5211c079846bc872d.jpg|https://img.ltwebstatic.com/images3_pi/2023/03/30/16801376708ac353335a0ca5331bf16e8ef8f55f29.jpg|https://img.ltwebstatic.com/images3_pi/2023/03/30/168013767301a42a8fc54d873716d817897de423c8.jpg|https://img.ltwebstatic.com/images3_pi/2023/03/30/1680137688983ac26b0e41683c8ce828c5ecd23d74.jpg,"New Solid Color Street Casual Shoulder Bag, Fashionable Simple Clutch Bag, Crossbody Bag – demo catalog image","https://us.shein.com/New-Street-Casual-Solid-Color-Shoulder-Bag,-Handheld-Bag,-Fashion-Simple-Crossbody-Square-Bag-p-14311657.html",Scraped / Source,0
SKU-FF599D,in-ear-earbuds-earphones-compatible-with-iphone-ipad-lightning-connector-wired-headphones-with-remote-to-control-music-phone-calls-and-volume,active,physical,arts-crafts-sewing,northline-home,450.0,470.0,225.0,1.0,0,1,2026-07-20T19:55:58.257947,,"35pcs Colorful Pentagram Embroidered Patches, Small Sized Star Embroidery Stickers Suitable For Halloween, Holidays, Party, Glass, Gift Box, Birthday Gift Decoration",". 35pcs Colorful Pentagram Embroidered Patches, Small Sized Star Embroidery Stickers Suitable For Halloween, Holidays, Party, Glass, Gift Box, Birthday Gift Decoration- Garment Decoration Excipients at SHEIN.",drawstring,Occasion-Wear,1.0,5,https://img.ltwebstatic.com/images3_spmp/2024/08/19/b6/1724035955133aa10dd7e758e5e2c41ee8a6b101ca_square.jpg,https://img.ltwebstatic.com/images3_spmp/2024/08/19/62/172403573407c8538d29ade91eba177bbd8bfbdff9_square.jpg|https://img.ltwebstatic.com/images3_spmp/2024/08/19/62/17240357344ea2dfd03c2eb724739316a2e6ccd738_square.jpg|https://img.ltwebstatic.com/images3_spmp/2024/08/19/62/1724035734227facb09c2226067d61d6e248317ef6_square.jpg|https://img.ltwebstatic.com/images3_spmp/2024/08/19/62/1724035734d0f93e043985d3fc41c95adb1bb758f3_square.jpg|https://img.ltwebstatic.com/images3_spmp/2024/08/19/62/172403573483b815a65bbd57ef0053a38368d771c3_square.jpg|https://img.ltwebstatic.com/images3_spmp/2024/08/19/62/1724035734ee3bb0511b3e7d45b97e9338a5318153_square.jpg|https://img.ltwebstatic.com/images3_spmp/2024/08/19/62/1724035734685182f380fa343b2d2fc378fe002330_square.jpg|https://img.ltwebstatic.com/images3_abc/2024/08/19/a2/1724035738fad23692d19bb10dc68af1e45d16c3da_square.png|https://img.ltwebstatic.com/images3_spmp/2024/08/19/b6/1724035955133aa10dd7e758e5e2c41ee8a6b101ca_square.jpg|https://img.ltwebstatic.com/images3_spmp/2024/08/19/e0/17240359726df1f1dacfcd81f47966db5b298afa19_square.jpg|https://img.ltwebstatic.com/images3_spmp/2024/08/19/51/17240359656ae2190a8bcc8523842ec6215f9933aa.jpg|https://img.ltwebstatic.com/images3_spmp/2024/08/19/51/172403596521a8675d5e1bf4a65c5959ce0693c13a.jpg|https://img.ltwebstatic.com/images3_spmp/2024/08/19/7a/17240359669d6c156826d1b2e9bb07dd0fce9aa571.jpg|https://img.ltwebstatic.com/images3_spmp/2024/08/19/51/17240359651b82ca4084c8b7acd2280ca8c874d864.jpg|https://img.ltwebstatic.com/images3_spmp/2024/08/19/7a/172403596650da0de97434dc0c644032bea1b5e213.jpg|https://img.ltwebstatic.com/images3_spmp/2024/08/19/51/17240359653bf987f194e9faf2429e575e5d6e6531.jpg|https://img.ltwebstatic.com/images3_spmp/2024/08/19/51/1724035965200f75f57fadf7b63a3f0cc494021519.jpg|https://img.ltwebstatic.com/images3_spmp/2024/08/19/51/1724035965ff66221e464a084d850fc58e276b9956.jpg,"35pcs Colorful Pentagram Embroidered Patches, Small Sized Star Embroidery Stickers Suitable For Halloween, Holidays, Party, Glass, Gift Box, Birthday Gift Decoration – demo catalog image","https://us.shein.com/35pcs-Colorful-Pentagram-Embroidered-Patches,-Small-Sized-Star-Embroidery-Stickers-Suitable-For-Halloween,-Holidays,-Party,-Glass,-Gift-Box,-Birthday-Gift-Decoration-p-41157108.html",Scraped / Source,0
SKU-D65E74,1pc-turquoise-bead-seashell-necklace-handmade-bohemian-style-jewelry-for-women,active,physical,bed-bath,urban-step,1130.0,1130.0,565.0,1.0,0,0,2026-07-20T19:55:58.257947,,10pcs Burgundy Satin Chair Sashes Hotel Party Banquet Birthday Event Wedding Decoration Chair Ribbon Bow Ties,. 10pcs Burgundy Satin Chair Sashes Hotel Party Banquet Birthday Event Wedding Decoration Chair Ribbon Bow Ties- Sashes at SHEIN.,blouse,New-Arrivals,1.0,5,https://img.ltwebstatic.com/images3_spmp/2024/07/12/31/1720779777ff79fcdb8ba602fa41c3f51a2d3ea8b9.jpg,https://img.ltwebstatic.com/images3_spmp/2024/07/12/31/1720779777ff79fcdb8ba602fa41c3f51a2d3ea8b9.jpg|https://img.ltwebstatic.com/images3_spmp/2024/07/12/1c/17207797764dfe9fb0b0ae601b40e04ffb9e0f1935.jpg|https://img.ltwebstatic.com/images3_spmp/2024/07/12/12/1720779778ab44a067781bb6b7a4842f0df5210100.jpg|https://img.ltwebstatic.com/images3_spmp/2024/07/12/cf/17207797792dec0f696bfa50870986779ddda67999.jpg|https://img.ltwebstatic.com/images3_spmp/2024/07/12/cf/17207797799d21bd2bb3b3a8fcccc3f3c962cce705.jpg|https://img.ltwebstatic.com/images3_spmp/2024/07/12/cf/1720779779b5a95307b606325d5f1d1023470d98bf.jpg|https://img.ltwebstatic.com/images3_spmp/2024/07/12/c1/1720780209842ab4bbcb0245e99ed9874814e9ed8b.jpg|https://img.ltwebstatic.com/images3_spmp/2024/07/12/8a/17207802080cd72416b62a15e77e2ad2ad7743b4b9.jpg|https://img.ltwebstatic.com/images3_spmp/2024/07/12/ce/1720780210581e347ddd74b31a4dbc56083ffced7a.jpg|https://img.ltwebstatic.com/images3_spmp/2024/07/12/f7/1720780211322df96eec66946889a34d4a4d504305.jpg,10pcs Burgundy Satin Chair Sashes Hotel Party Banquet Birthday Event Wedding Decoration Chair Ribbon Bow Ties – demo catalog image,https://us.shein.com/10pcs-Navy-Blue-Satin-Chair-Sashes-Hotel-Party-Banquet-Chair-Tie-Knots-Birthday-Event-Wedding-Decoration-Chair-Ribbon-Bows-p-38894765.html,Scraped / Source,0
SKU-F77B29,1-set-spooky-skull-decanter-suitable-for-whiskey-wine-brandy-gothic-skeleton-beverage-dispenser-halloween-party-decorative-drink-cup,active,physical,tools-hardware-lighting,northline-home,229.0,240.0,114.0,1.0,0,0,2026-07-20T19:55:58.257947,,"1 Roll Disposable Collar Pads, Anti-Sweat Shirt Collar Protector, Cap Brim Sweat Absorbing Sticker, Anti-Stain Collar Stickers, Transparent Jewelry Metal Glue, Upgraded Clear Gel Liquid Fabric Glue",". 1 Roll Disposable Collar Pads, Anti-Sweat Shirt Collar Protector, Cap Brim Sweat Absorbing Sticker, Anti-Stain Collar Stickers, Transparent Jewelry Metal Glue, Upgraded Clear Gel Liquid Fabric Glue- Tape at SHEIN.",chino,New-Arrivals,1.0,5,https://img.ltwebstatic.com/images3_spmp/2024/08/09/91/172319459419a0749ef3643ff8d99834965cfaa45b.jpg,https://img.ltwebstatic.com/images3_spmp/2024/08/09/91/172319459419a0749ef3643ff8d99834965cfaa45b.jpg|https://img.ltwebstatic.com/images3_spmp/2024/08/09/91/17231945942bf65ec12171dfd37044b6d55cb3b691.jpg|https://img.ltwebstatic.com/images3_spmp/2024/08/09/91/172319459415dc61a88e149f9105cc92b888fe657d.jpg|https://img.ltwebstatic.com/images3_spmp/2024/08/09/99/1723194593186a2e40a80c6d5528d4fd431a3e0255.jpg|https://img.ltwebstatic.com/images3_spmp/2024/08/09/91/172319459453e5c10031ee7d820579882f57905264.jpg|https://img.ltwebstatic.com/images3_spmp/2024/08/09/91/1723194594fa3430867e6bb5f154c162cf26f9d6e9.jpg|https://img.ltwebstatic.com/images3_spmp/2024/08/09/91/17231945949fe2d06db5b463832c449d2c98e15b1a.jpg|https://img.ltwebstatic.com/images3_spmp/2024/08/09/32/17231946684a35e3b647194f43a4ac85ffc10531ca.jpg|https://img.ltwebstatic.com/images3_spmp/2024/08/09/32/1723194668a16ee3242e0227441723e96ae08569bd.jpg|https://img.ltwebstatic.com/images3_spmp/2024/08/09/32/172319466802ab233bf334f5240b79523d2f418220.jpg|https://img.ltwebstatic.com/images3_spmp/2024/08/09/32/172319466853d86d957b6afc66a3355fcef01995e1.jpg|https://img.ltwebstatic.com/images3_spmp/2024/08/09/32/17231946685a516446b51eebf6bf387622918a8bdb.jpg|https://img.ltwebstatic.com/images3_spmp/2024/08/09/32/1723194668cff43d491bc7da05197c883eabb1e40c.jpg|https://img.ltwebstatic.com/images3_spmp/2024/08/09/32/17231946686f5d1e8da999266f5d38ce5435551844.jpg|https://img.ltwebstatic.com/images3_spmp/2024/08/09/32/172319466826239567f9c0e5ac069e297c7faf51b1.jpg|https://img.ltwebstatic.com/images3_spmp/2024/08/09/34/17231946696a1d0e82a15548a412c66f1d5154bfe6.jpg,"1 Roll Disposable Collar Pads, Anti-Sweat Shirt Collar Protector, Cap Brim Sweat Absorbing Sticker, Anti-Stain Collar Stickers, Transparent Jewelry Metal Glue, Upgraded Clear Gel Liquid Fabric Glue – demo catalog image","https://us.shein.com/1-Roll-Disposable-Collar-Pads,-Anti-Sweat-Shirt-Collar-Protector,-Cap-Brim-Sweat-Absorbing-Sticker,-Anti-Stain-Collar-Stickers,-Transparent-Jewelry-Metal-Glue,-Upgraded-Clear-Gel-Liquid-Fabric-Glue-p-40636323.html",Scraped / Source,0
SKU-17EF03,1pc-palmtop-maze-balance-ball,active,physical,tools-hardware-lighting,northline-home,2456.0,2456.0,1228.0,1.0,0,0,2026-07-20T19:55:58.257947,,Unbeatablesale K904 Tan Seam-Fil 1 Oz. Tube,. Unbeatablesale K904 Tan Seam-Fil 1 Oz. Tube- Caulking Guns at SHEIN.,boys,New-Arrivals,1.0,5,https://img.ltwebstatic.com/images3_spmp/2024/07/17/49/17212118367025dcfb444fd4af1c22770e7c1c8ac5.jpg,https://img.ltwebstatic.com/images3_spmp/2024/07/17/49/17212118367025dcfb444fd4af1c22770e7c1c8ac5.jpg|https://img.ltwebstatic.com/images3_spmp/2024/07/17/49/17212118367025dcfb444fd4af1c22770e7c1c8ac5.jpg|https://img.ltwebstatic.com/images3_spmp/2024/07/17/49/17212118367025dcfb444fd4af1c22770e7c1c8ac5.jpg,Unbeatablesale K904 Tan Seam-Fil 1 Oz. Tube – demo catalog image,https://us.shein.com/K904-Tan-Seam-Fil-1-Oz.-Tube-p-39750591.html,Scraped / Source,0
SKU-1241E7,unbeatablesale-sunpentown-scw-80m-103w-commercial-rice-warmer-nsf-certified-stianless-steel-80-cups,active,physical,accessories,urban-step,120.0,170.0,60.0,1.0,0,0,2026-07-20T19:55:58.257947,,20pcs Mixed Assorted Color Star Shaped Side Clip Hair Accessories,. 20pcs Mixed Assorted Color Star Shaped Side Clip Hair Accessories- Hair Clips at SHEIN.,blouse,Womens-Edit,1.0,5,https://img.ltwebstatic.com/images3_spmp/2024/08/18/95/1723990563268c539d557ded641765e5f9c081a9cf.jpg,https://img.ltwebstatic.com/images3_spmp/2024/08/18/d5/1723990216045eb4a263b4c20aaa9f405343b4e740.jpg|https://img.ltwebstatic.com/images3_spmp/2024/08/18/d5/17239902164ccb0d5a681d80b1831fb7cbbfcb0de2.jpg|https://img.ltwebstatic.com/images3_spmp/2024/08/18/d5/17239902161aebc6992bf9ebd8d2dc20ea1dc7b18a.jpg|https://img.ltwebstatic.com/images3_spmp/2024/08/18/d5/17239902162d7118b31f3b67eecffeacd0b6cd17c6.jpg|https://img.ltwebstatic.com/images3_spmp/2024/08/18/d5/172399021625a4f41d2fe7366bca43f747bcdd9f1d.jpg|https://img.ltwebstatic.com/images3_spmp/2024/08/18/95/1723990563268c539d557ded641765e5f9c081a9cf.jpg|https://img.ltwebstatic.com/images3_spmp/2024/08/18/fa/172399083584776991aaf9f4bcf221ad07c025b99f.jpg,20pcs Mixed Assorted Color Star Shaped Side Clip Hair Accessories – demo catalog image,https://us.shein.com/20pcs-Mixed-Assorted-Color-Star-Shaped-Side-Clip-Hair-Accessories-p-41136575.html,Scraped / Source,0
SKU-585E3A,30pcs-pack-copper-muslim-hijab-pins-scarf-clips-for-daily-use,active,physical,party-event-supplies,adma-studio,223.0,290.0,111.0,1.0,0,0,2026-07-20T19:55:58.257947,,20pcs Solid Color Party Bubble Tube For Party,. 20pcs Solid Color Party Bubble Tube For Party- Noise Makers at SHEIN.,evening,Womens-Edit,1.0,5,https://img.ltwebstatic.com/images3_spmp/2023/04/22/1682133840ea26235177425ee42af9ae24ccf3b253.jpg,https://img.ltwebstatic.com/images3_spmp/2023/04/22/1682133840ea26235177425ee42af9ae24ccf3b253.jpg|https://img.ltwebstatic.com/images3_pi/2023/04/13/16813715204648bef4ce9f1d50966279f8857b646c.jpg|https://img.ltwebstatic.com/images3_pi/2023/04/13/1681371522939d149ff8c4d793675c683d29bc5e2a.jpg,20pcs Solid Color Party Bubble Tube For Party – demo catalog image,https://us.shein.com/20pcs-Solid-Color-Party-Bubble-Tube-For-Party-p-15507230.html,Scraped / Source,0
SKU-6A65E3,jepeak-jepeak-decorative-linen-throw-pillow-covers-cushion-cases-pack-of-4-rustic-woven-textured-pillow-covers-for-sofa-bed-couch-18x18-inch,active,physical,outdoor-recreation,gold-coast-care,79000.0,79000.0,39500.0,1.0,0,1,2026-07-20T19:55:58.257947,,The North Face Inferno NF0A52DL1U5 Sleeping Bag Unisex Yellow Nylon Zip BG227,. The North Face Inferno NF0A52DL1U5 Sleeping Bag Unisex Yellow Nylon Zip BG227- Sleeping Bags at SHEIN.,boys,Occasion-Wear,1.0,5,https://img.ltwebstatic.com/images3_spmp/2024/07/28/fa/1722105700e88c113f7961f30e043c1434f26053e1_square.jpg,https://img.ltwebstatic.com/images3_spmp/2024/07/28/fa/1722105700e88c113f7961f30e043c1434f26053e1_square.jpg|https://img.ltwebstatic.com/images3_spmp/2024/07/28/31/1722105704aff5a1013bcfbea12796c821c8a6019a_square.jpg|https://img.ltwebstatic.com/images3_spmp/2024/07/28/aa/1722105706c9ff53ee8117ce00622310f4533b61d5_square.jpg|https://img.ltwebstatic.com/images3_spmp/2024/07/28/e3/1722105708ad83183e9b73bce31ba6138ba9787115_square.jpg|https://img.ltwebstatic.com/images3_spmp/2024/07/28/3b/17221057115270e8f743cb667187ab6aa10aa2ea63_square.jpg|https://img.ltwebstatic.com/images3_spmp/2024/07/28/ab/1722105713b37744d2b672f5b719cf0fab8e2c0675_square.jpg|https://img.ltwebstatic.com/images3_spmp/2024/07/28/df/17221057156c48f6a51a4b19c11b5b71f6d42708b3_square.jpg,The North Face Inferno NF0A52DL1U5 Sleeping Bag Unisex Yellow Nylon Zip BG227 – demo catalog image,https://us.shein.com/Inferno-NF0A52DL1U5-Sleeping-Bag-Unisex-Yellow-Nylon-Zip-BG227-p-39607471.html,Scraped / Source,0